algorithm,grid_rows,grid_cols,obstacle_density,seed,instance_seed,start_row,start_col,goal_row,goal_col,found,runtime_ms,nodes_expanded,path_cost
astar,128,128,0.05,0,0,49,24,86,92,True,9.3326999922283,603,83.32590180780446
theta_star,128,128,0.05,0,0,49,24,86,92,True,7.452200050465763,134,78.56464572238514
jps,128,128,0.05,0,0,49,24,86,92,True,6.398800003807992,203,103.48528137423857
astar,128,128,0.05,1,1000,19,5,77,35,True,3.5259000142104924,266,71.01219330881969
theta_star,128,128,0.05,1,1000,19,5,77,35,True,4.213300009723753,66,65.3696127220152
jps,128,128,0.05,1,1000,19,5,77,35,True,5.317100032698363,198,104.0
astar,128,128,0.05,2,2000,3,94,36,32,True,8.217800001148134,432,75.66904755831209
theta_star,128,128,0.05,2,2000,3,94,36,32,True,9.600599994882941,105,71.55767793029648
jps,128,128,0.05,2,2000,3,94,36,32,True,4.2693999712355435,142,98.41421356237309
astar,128,128,0.05,3,3000,47,16,68,60,True,2.502499963156879,181,52.698484809834966
theta_star,128,128,0.05,3,3000,47,16,68,60,True,4.615200043190271,48,48.75448697299562
jps,128,128,0.05,3,3000,47,16,68,60,True,5.758000013884157,284,82.41421356237309
astar,128,128,0.05,4,4000,127,14,126,63,True,2.907100017182529,151,51.071067811865476
theta_star,128,128,0.05,4,4000,127,14,126,63,True,2.8385999612510204,87,49.46861487869166
jps,128,128,0.05,4,4000,127,14,126,63,True,13.089600019156933,538,146.72792206135784
astar,128,128,0.05,5,5000,96,121,65,98,True,2.8605000115931034,166,41.11269837220809
theta_star,128,128,0.05,5,5000,96,121,65,98,True,3.0300000216811895,47,39.44030650891055
jps,128,128,0.05,5,5000,96,121,65,98,False,48.02680003922433,2234,inf
astar,128,128,0.05,6,6000,7,81,69,100,True,3.429699980188161,282,69.87005768508877
theta_star,128,128,0.05,6,6000,7,81,69,100,True,5.30420005088672,65,66.18849411078001
jps,128,128,0.05,6,6000,7,81,69,100,True,11.472499987576157,395,133.82842712474618
astar,128,128,0.05,7,7000,47,112,50,6,True,12.83199997851625,460,108.89949493661165
theta_star,128,128,0.05,7,7000,47,112,50,6,True,19.85209999838844,280,106.50600442822372
jps,128,128,0.05,7,7000,47,112,50,6,True,4.61230002110824,203,126.41421356237309
astar,128,128,0.05,8,8000,118,94,78,58,True,2.7682000072672963,216,56.66904755831211
theta_star,128,128,0.05,8,8000,118,94,78,58,True,5.338400020264089,97,54.44239707009086
jps,128,128,0.05,8,8000,118,94,78,58,True,3.493900003377348,133,69.55634918610404
astar,128,128,0.05,9,9000,50,125,58,51,True,4.544000024907291,228,77.31370849898474
theta_star,128,128,0.05,9,9000,50,125,58,51,True,5.680600006598979,90,75.8032278706387
jps,128,128,0.05,9,9000,50,125,58,51,True,1.9426000071689487,61,91.41421356237309
astar,128,128,0.15,0,0,86,92,15,67,True,6.791300023905933,341,81.94112549695424
theta_star,128,128,0.15,0,0,86,92,15,67,True,6.196399976033717,98,77.05171341193248
jps,128,128,0.15,0,0,86,92,15,67,True,22.944799973629415,791,136.0
astar,128,128,0.15,1,1000,19,5,77,35,True,4.606600035913289,395,72.18376618407353
theta_star,128,128,0.15,1,1000,19,5,77,35,True,3.4601999795995653,130,67.64695676710664
jps,128,128,0.15,1,1000,19,5,77,35,True,11.297599994577467,872,263.4142135623731
astar,128,128,0.15,2,2000,3,94,36,32,True,8.504799974616617,810,78.59797974644661
theta_star,128,128,0.15,2,2000,3,94,36,32,True,5.229800008237362,172,72.79184113487115
jps,128,128,0.15,2,2000,3,94,36,32,False,46.9856999698095,3607,inf
astar,128,128,0.15,3,3000,47,16,68,60,True,3.5835999879054725,327,54.698484809834966
theta_star,128,128,0.15,3,3000,47,16,68,60,True,4.798799986019731,160,50.89942452405192
jps,128,128,0.15,3,3000,47,16,68,60,False,48.03830001037568,3652,inf
astar,128,128,0.15,4,4000,127,14,126,63,True,2.5942999636754394,200,53.55634918610404
theta_star,128,128,0.15,4,4000,127,14,126,63,True,2.6725000352598727,134,50.64616165249818
jps,128,128,0.15,4,4000,127,14,126,63,False,49.76439999882132,3685,inf
astar,128,128,0.15,5,5000,96,121,30,41,True,13.36550002451986,1162,114.36753236814702
theta_star,128,128,0.15,5,5000,96,121,30,41,True,6.260599999222904,211,105.11159024961665
jps,128,128,0.15,5,5000,96,121,30,41,True,26.26880002208054,1911,205.4142135623731
astar,128,128,0.15,6,6000,7,81,1,118,True,1.5985000063665211,142,40.31370849898476
theta_star,128,128,0.15,6,6000,7,81,1,118,True,1.5005000168457627,58,38.30965563677235
jps,128,128,0.15,6,6000,7,81,1,118,True,4.008500021882355,283,78.41421356237309
astar,128,128,0.15,7,7000,47,112,50,6,True,8.980599988717586,840,112.55634918610401
theta_star,128,128,0.15,7,7000,47,112,50,6,True,10.030200006440282,414,108.0292605568064
jps,128,128,0.15,7,7000,47,112,50,6,False,50.9703999850899,3697,inf
astar,128,128,0.15,8,8000,118,94,78,58,True,3.5568999592214823,325,58.426406871192825
theta_star,128,128,0.15,8,8000,118,94,78,58,True,3.7190000293776393,160,54.482703021446056
jps,128,128,0.15,8,8000,118,94,78,58,True,6.87019998440519,492,112.0
astar,128,128,0.15,9,9000,50,125,58,51,True,8.165600011125207,687,81.89949493661166
theta_star,128,128,0.15,9,9000,50,125,58,51,True,11.235899990424514,418,77.37173906399144
jps,128,128,0.15,9,9000,50,125,58,51,True,6.783499964512885,487,118.0
astar,128,128,0.25,0,0,86,92,15,67,True,6.7279000068083405,653,87.94112549695423
theta_star,128,128,0.25,0,0,86,92,15,67,True,2.995499991811812,156,79.54126318386321
jps,128,128,0.25,0,0,86,92,15,67,True,11.56529999570921,945,204.0
astar,128,128,0.25,1,1000,19,5,77,35,True,5.217800033278763,533,75.69848480983497
theta_star,128,128,0.25,1,1000,19,5,77,35,True,2.4495000252500176,125,66.84837770892133
jps,128,128,0.25,1,1000,19,5,77,35,False,1.7500999965704978,152,inf
astar,128,128,0.25,2,2000,3,94,36,32,True,11.783800029661506,1171,84.69848480983495
theta_star,128,128,0.25,2,2000,3,94,36,32,True,10.191100009251386,595,76.53564048615301
jps,128,128,0.25,2,2000,3,94,36,32,True,7.792799966409802,648,177.0
astar,128,128,0.25,3,3000,47,16,68,60,True,2.5654000346548855,236,60.2132034355964
theta_star,128,128,0.25,3,3000,47,16,68,60,True,2.9052000027149916,130,55.201973043791014
jps,128,128,0.25,3,3000,47,16,68,60,False,2.952600014396012,254,inf
astar,128,128,0.25,4,4000,127,14,126,63,True,4.031600023154169,432,64.52691193458116
theta_star,128,128,0.25,4,4000,127,14,126,63,True,5.918100010603666,351,58.512598887832056
jps,128,128,0.25,4,4000,127,14,126,63,False,1.647300028707832,131,inf
astar,128,128,0.25,5,5000,45,123,96,121,True,4.768199985846877,403,59.72792206135785
theta_star,128,128,0.25,5,5000,45,123,96,121,True,3.444500034675002,200,54.50911786589279
jps,128,128,0.25,5,5000,45,123,96,121,False,1.851000008173287,148,inf
astar,128,128,0.25,6,6000,7,81,88,47,True,23.330099997110665,2378,109.52691193458115
theta_star,128,128,0.25,6,6000,7,81,88,47,True,14.902599970810115,929,97.78428562554005
jps,128,128,0.25,6,6000,7,81,88,47,False,31.19199996581301,2689,inf
astar,128,128,0.25,7,7000,47,112,50,6,True,12.317500018980354,1232,119.62741699796949
theta_star,128,128,0.25,7,7000,47,112,50,6,True,13.822700013406575,763,111.98985110338995
jps,128,128,0.25,7,7000,47,112,50,6,False,2.4257999612018466,194,inf
astar,128,128,0.25,8,8000,118,94,78,58,True,5.420599947683513,540,65.45584412271569
theta_star,128,128,0.25,8,8000,118,94,78,58,True,3.871199965942651,229,57.328437305331896
jps,128,128,0.25,8,8000,118,94,78,58,False,0.8340000058524311,69,inf
astar,128,128,0.25,9,9000,50,125,58,51,True,8.121300023049116,794,86.72792206135783
theta_star,128,128,0.25,9,9000,50,125,58,51,True,15.576699981465936,842,82.83999162162478
jps,128,128,0.25,9,9000,50,125,58,51,False,1.3737999834120274,79,inf
astar,128,128,0.35,0,0,86,92,64,9,True,14.41599999088794,1682,121.28427124746186
theta_star,128,128,0.35,0,0,86,92,64,9,True,18.12909997534007,1356,106.14921347060847
jps,128,128,0.35,0,0,86,92,64,9,False,1.5720000374130905,141,inf
astar,128,128,0.35,1,1000,19,5,77,35,True,5.978800007142127,653,82.97056274847714
theta_star,128,128,0.35,1,1000,19,5,77,35,True,7.44499999564141,499,76.70843982358123
jps,128,128,0.35,1,1000,19,5,77,35,False,0.2604000037536025,19,inf
astar,128,128,0.35,2,2000,3,94,36,32,True,14.323099981993437,1586,107.87005768508877
theta_star,128,128,0.35,2,2000,3,94,36,32,True,21.152300003450364,1544,97.8713925698462
jps,128,128,0.35,2,2000,3,94,36,32,False,0.9382999851368368,80,inf
astar,128,128,0.35,3,3000,47,16,68,60,True,7.471899967640638,859,94.55634918610403
theta_star,128,128,0.35,3,3000,47,16,68,60,True,10.643099958542734,753,83.51397135581053
jps,128,128,0.35,3,3000,47,16,68,60,False,0.4157000221312046,34,inf
astar,128,128,0.35,4,4000,127,14,126,63,True,6.966499960981309,797,106.1837661840735
theta_star,128,128,0.35,4,4000,127,14,126,63,True,9.182700014207512,662,93.18219398792661
jps,128,128,0.35,4,4000,127,14,126,63,False,0.7182999979704618,60,inf
astar,128,128,0.35,5,5000,45,123,96,121,True,12.798500014469028,1488,109.52691193458115
theta_star,128,128,0.35,5,5000,45,123,96,121,True,17.658299999311566,1342,97.8032279082666
jps,128,128,0.35,5,5000,45,123,96,121,False,3.7930000107735395,336,inf
astar,128,128,0.35,6,6000,7,81,29,37,True,7.145599985960871,772,70.14213562373094
theta_star,128,128,0.35,6,6000,7,81,29,37,True,8.22590000461787,604,62.646429914565104
jps,128,128,0.35,6,6000,7,81,29,37,False,0.5959999980404973,45,inf
astar,128,128,0.35,7,7000,47,112,50,6,True,38.978700002189726,4337,189.9116882454315
theta_star,128,128,0.35,7,7000,47,112,50,6,True,43.65210002288222,3165,167.98089216292072
jps,128,128,0.35,7,7000,47,112,50,6,False,0.3915000124834478,28,inf
astar,128,128,0.35,8,8000,118,94,78,58,True,7.097099965903908,832,80.38477631085021
theta_star,128,128,0.35,8,8000,118,94,78,58,True,7.042600016575307,500,68.81478412376158
jps,128,128,0.35,8,8000,118,94,78,58,False,0.6208000122569501,56,inf
astar,128,128,0.35,9,9000,50,125,58,51,True,8.356000005733222,894,92.97056274847712
theta_star,128,128,0.35,9,9000,50,125,58,51,True,10.971500014420599,722,85.17317005248414
jps,128,128,0.35,9,9000,50,125,58,51,False,1.1359000345692039,100,inf
astar,256,256,0.05,0,0,98,49,173,184,True,28.874600015114993,2336,166.06601717798213
theta_star,256,256,0.05,0,0,98,49,173,184,True,12.58779998170212,216,156.1423097678317
jps,256,256,0.05,0,0,98,49,173,184,True,52.64900001930073,2605,264.8284271247462
astar,256,256,0.05,1,1000,178,115,39,10,True,24.069400038570166,2000,183.07821048680205
theta_star,256,256,0.05,1,1000,178,115,39,10,True,19.800500012934208,478,177.1406768242416
jps,256,256,0.05,1,1000,178,115,39,10,True,65.23760000709444,3108,292.2426406871193
astar,256,256,0.05,2,2000,6,188,72,65,True,19.68169998144731,1660,150.33809511662415
theta_star,256,256,0.05,2,2000,6,188,72,65,True,7.3982999892905354,145,143.60777533090243
jps,256,256,0.05,2,2000,6,188,72,65,True,21.50680002523586,1055,213.2426406871193
astar,256,256,0.05,3,3000,95,32,136,120,True,2.8357999981381,212,104.9827560572968
theta_star,256,256,0.05,3,3000,95,32,136,120,True,7.600500015541911,111,99.56839051531426
jps,256,256,0.05,3,3000,95,32,136,120,True,12.914200022350997,545,130.59797974644667
astar,256,256,0.05,4,4000,254,28,252,126,True,4.423099977429956,321,99.65685424949237
theta_star,256,256,0.05,4,4000,254,28,252,126,True,11.301000020466745,193,98.19080014295022
jps,256,256,0.05,4,4000,254,28,252,126,True,9.506099973805249,446,155.07106781186548
astar,256,256,0.05,5,5000,123,127,193,243,True,7.689299993216991,628,144.9949493661166
theta_star,256,256,0.05,5,5000,123,127,193,243,True,13.928100001066923,265,138.50817209370052
jps,256,256,0.05,5,5000,123,127,193,243,True,34.144400036893785,1647,217.31370849898477
astar,256,256,0.05,6,6000,139,201,2,236,True,9.124399977736175,730,151.49747468305827
theta_star,256,256,0.05,6,6000,139,201,2,236,True,12.169399997219443,141,142.22311309802305
jps,256,256,0.05,6,6000,139,201,2,236,False,182.66099999891594,8997,inf
astar,256,256,0.05,7,7000,95,225,101,12,True,16.864400007762015,1410,217.14213562373095
theta_star,256,256,0.05,7,7000,95,225,101,12,True,48.586799995973706,781,214.08012953603046
jps,256,256,0.05,7,7000,95,225,101,12,True,30.00829997472465,1418,277.8284271247462
astar,256,256,0.05,8,8000,236,189,156,117,True,8.712800045032054,685,111.58073580374344
theta_star,256,256,0.05,8,8000,236,189,156,117,True,11.203200032468885,253,108.46176241991782
jps,256,256,0.05,8,8000,236,189,156,117,True,11.13729999633506,451,140.87005768508882
astar,256,256,0.05,9,9000,101,250,117,102,True,10.241199983283877,837,154.6274169979695
theta_star,256,256,0.05,9,9000,101,250,117,102,True,13.41160002630204,229,151.3866848603621
jps,256,256,0.05,9,9000,101,250,117,102,True,9.989299986045808,425,183.65685424949237
astar,256,256,0.15,0,0,98,49,173,184,True,34.41449999809265,3025,170.99494936611677
theta_star,256,256,0.15,0,0,98,49,173,184,True,11.077000002842396,414,158.42202831223278
jps,256,256,0.15,0,0,98,49,173,184,True,40.80879996763542,3012,260.0
astar,256,256,0.15,1,1000,178,115,39,10,True,36.23250004602596,3247,189.52186130069805
theta_star,256,256,0.15,1,1000,178,115,39,10,True,36.2269000033848,1652,180.32608408582746
jps,256,256,0.15,1,1000,178,115,39,10,True,63.942400040104985,4601,330.0
astar,256,256,0.15,2,2000,6,188,72,65,True,25.57679999154061,2418,153.26702730475884
theta_star,256,256,0.15,2,2000,6,188,72,65,True,10.156499978620559,372,144.41350482020906
jps,256,256,0.15,2,2000,6,188,72,65,True,28.89849996427074,2135,258.0710678118655
astar,256,256,0.15,3,3000,95,32,136,120,True,10.480700002517551,884,106.15432893255065
theta_star,256,256,0.15,3,3000,95,32,136,120,True,5.340400035493076,178,100.18746530220277
jps,256,256,0.15,3,3000,95,32,136,120,True,40.46250000828877,2801,207.72792206135784
astar,256,256,0.15,4,4000,254,28,252,126,True,5.076100002042949,472,102.14213562373092
theta_star,256,256,0.15,4,4000,254,28,252,126,True,6.510700040962547,263,98.9724701283246
jps,256,256,0.15,4,4000,254,28,252,126,True,8.457800024189055,641,198.2426406871193
astar,256,256,0.15,5,5000,123,127,193,243,True,26.491499971598387,2337,148.50966799187805
theta_star,256,256,0.15,5,5000,123,127,193,243,True,15.773999970406294,622,139.28242360460771
jps,256,256,0.15,5,5000,123,127,193,243,False,205.70150000276044,15264,inf
astar,256,256,0.15,6,6000,139,201,176,94,True,5.0604999996721745,436,123.74011537017752
theta_star,256,256,0.15,6,6000,139,201,176,94,True,6.828300014603883,237,117.73567109248677
jps,256,256,0.15,6,6000,139,201,176,94,False,211.26820001518354,15385,inf
astar,256,256,0.15,7,7000,95,225,101,12,True,32.06240001600236,2921,223.0416305603427
theta_star,256,256,0.15,7,7000,95,225,101,12,True,36.32290003588423,1428,215.76109753010994
jps,256,256,0.15,7,7000,95,225,101,12,True,104.28819997468963,7617,366.4142135623731
astar,256,256,0.15,8,8000,236,189,156,117,True,20.969699951820076,1872,121.19595949289322
theta_star,256,256,0.15,8,8000,236,189,156,117,True,12.356300023384392,528,111.72549715158277
jps,256,256,0.15,8,8000,236,189,156,117,True,37.945999996736646,2813,223.4142135623731
astar,256,256,0.15,9,9000,101,250,117,102,True,21.005699993111193,1932,158.52691193458122
theta_star,256,256,0.15,9,9000,101,250,117,102,True,18.046600045636296,813,153.8608426353135
jps,256,256,0.15,9,9000,101,250,117,102,False,199.33549995766953,14737,inf
astar,256,256,0.25,0,0,98,49,173,184,True,64.7822999744676,6322,186.85281374238585
theta_star,256,256,0.25,0,0,98,49,173,184,True,40.35269998712465,2364,166.47028548161728
jps,256,256,0.25,0,0,98,49,173,184,False,19.06669995514676,1527,inf
astar,256,256,0.25,1,1000,178,115,39,10,True,57.968600012827665,5555,203.82337649086307
theta_star,256,256,0.25,1,1000,178,115,39,10,True,36.36719996575266,2019,183.2150754941204
jps,256,256,0.25,1,1000,178,115,39,10,True,40.324000001419336,2845,304.0
astar,256,256,0.25,2,2000,6,188,72,65,True,38.77499996451661,3615,165.22539674441623
theta_star,256,256,0.25,2,2000,6,188,72,65,True,7.373399974312633,399,147.53793157733676
jps,256,256,0.25,2,2000,6,188,72,65,False,18.469300004653633,1526,inf
astar,256,256,0.25,3,3000,136,120,59,210,True,29.22760002547875,2640,140.05382386916233
theta_star,256,256,0.25,3,3000,136,120,59,210,True,27.493100031279027,1331,125.84136173901838
jps,256,256,0.25,3,3000,136,120,59,210,True,63.55179997626692,4911,470.4142135623731
astar,256,256,0.25,4,4000,254,28,252,126,True,8.345600042957813,730,109.11269837220804
theta_star,256,256,0.25,4,4000,254,28,252,126,True,9.26889997208491,527,102.59774642073025
jps,256,256,0.25,4,4000,254,28,252,126,False,3.924400021787733,189,inf
astar,256,256,0.25,5,5000,123,127,193,243,True,29.39219999825582,2677,156.12489168102786
theta_star,256,256,0.25,5,5000,123,127,193,243,True,23.614600009750575,659,142.3405540982295
jps,256,256,0.25,5,5000,123,127,193,243,False,30.542800028342754,2011,inf
astar,256,256,0.25,6,6000,139,201,176,94,True,20.742800028529018,1579,130.32590180780446
theta_star,256,256,0.25,6,6000,139,201,176,94,True,7.620499993208796,424,120.65646313567275
jps,256,256,0.25,6,6000,139,201,176,94,False,16.05589996324852,1189,inf
astar,256,256,0.25,7,7000,95,225,101,12,True,60.34429999999702,5925,242.59797974644675
theta_star,256,256,0.25,7,7000,95,225,101,12,True,58.29489999450743,3348,226.36851364329897
jps,256,256,0.25,7,7000,95,225,101,12,False,16.30359998671338,1381,inf
astar,256,256,0.25,8,8000,236,189,156,117,True,23.098699981346726,2306,129.05382386916227
theta_star,256,256,0.25,8,8000,236,189,156,117,True,14.015399967320263,809,115.31737631200927
jps,256,256,0.25,8,8000,236,189,156,117,False,7.7754000085406005,656,inf
astar,256,256,0.25,9,9000,101,250,117,102,True,29.95929995086044,2987,167.01219330881975
theta_star,256,256,0.25,9,9000,101,250,117,102,True,23.793399974238127,1344,155.99452743048974
jps,256,256,0.25,9,9000,101,250,117,102,False,24.2259000078775,2029,inf
astar,256,256,0.35,0,0,98,49,173,184,True,82.5745000038296,9045,234.81118318204327
theta_star,256,256,0.35,0,0,98,49,173,184,True,100.94729997217655,7234,208.11378508888095
jps,256,256,0.35,0,0,98,49,173,184,False,1.8925000331364572,162,inf
astar,256,256,0.35,1,1000,100,178,97,63,True,39.14569999324158,4320,167.35533905932743
theta_star,256,256,0.35,1,1000,100,178,97,63,True,27.608899981714785,2035,141.5534448035035
jps,256,256,0.35,1,1000,100,178,97,63,False,0.7626000442542136,63,inf
astar,256,256,0.35,2,2000,169,107,64,174,True,57.713599991984665,6452,192.7695526217005
theta_star,256,256,0.35,2,2000,169,107,64,174,True,80.9917000005953,5430,170.19732093399546
jps,256,256,0.35,2,2000,169,107,64,174,False,0.6442000158131123,49,inf
astar,256,256,0.35,3,3000,59,210,136,162,True,23.13649997813627,2076,128.94112549695421
theta_star,256,256,0.35,3,3000,59,210,136,162,True,25.014099956024438,1628,114.29405540043707
jps,256,256,0.35,3,3000,59,210,136,162,False,0.48949994379654527,38,inf
astar,256,256,0.35,4,4000,254,28,252,126,True,10.332500038202852,1169,134.1837661840735
theta_star,256,256,0.35,4,4000,254,28,252,126,True,10.950000025331974,756,119.5322372833071
jps,256,256,0.35,4,4000,254,28,252,126,False,0.783099967520684,50,inf
astar,256,256,0.35,5,5001,138,23,88,134,True,46.905399998649955,3585,168.254833995939
theta_star,256,256,0.35,5,5001,138,23,88,134,True,30.037500022444874,2078,147.2332645303817
jps,256,256,0.35,5,5001,138,23,88,134,False,2.071900002192706,109,inf
astar,256,256,0.35,6,6000,139,201,176,94,True,29.549599974416196,2240,142.32590180780448
theta_star,256,256,0.35,6,6000,139,201,176,94,True,19.836399995256215,1260,128.98627434434377
jps,256,256,0.35,6,6000,139,201,176,94,False,3.5985999857075512,197,inf
astar,256,256,0.35,7,7000,95,225,101,12,True,106.23569996096194,9942,292.88225099390877
theta_star,256,256,0.35,7,7000,95,225,101,12,True,94.98930000700057,6771,258.9058771971919
jps,256,256,0.35,7,7000,95,225,101,12,False,2.625900029670447,217,inf
astar,256,256,0.35,8,8000,236,189,156,117,True,37.87330002523959,4293,158.42640687119285
theta_star,256,256,0.35,8,8000,236,189,156,117,True,37.48399997130036,2648,137.56918940712913
jps,256,256,0.35,8,8000,236,189,156,117,False,0.48340001376345754,38,inf
astar,256,256,0.35,9,9000,101,250,117,102,True,29.322899994440377,3283,205.01219330881986
theta_star,256,256,0.35,9,9000,101,250,117,102,True,34.07699998933822,2533,184.7297305814541
jps,256,256,0.35,9,9000,101,250,117,102,False,0.3394000232219696,28,inf
astar,512,512,0.05,0,0,197,98,347,368,True,155.14360001543537,11739,332.132034355965
theta_star,512,512,0.05,0,0,197,98,347,368,True,25.430999987293035,387,316.1385859415392
jps,512,512,0.05,0,0,197,98,347,368,False,902.1718999720179,37070,inf
astar,512,512,0.05,1,1000,356,230,79,21,True,108.39910001959652,8320,364.7422074112321
theta_star,512,512,0.05,1,1000,356,230,79,21,True,55.89400004828349,762,353.4298709658994
jps,512,512,0.05,1,1000,356,230,79,21,True,253.4439999726601,9755,511.31370849898474
astar,512,512,0.05,2,2000,12,377,145,130,True,142.98070000950247,11331,302.0904037956221
theta_star,512,512,0.05,2,2000,12,377,145,130,True,33.361900015734136,710,287.18645512452554
jps,512,512,0.05,2,2000,12,377,145,130,True,180.58289994951338,7694,451.0710678118655
astar,512,512,0.05,3,3000,191,65,273,241,True,76.78289996692911,5866,209.96551211459382
theta_star,512,512,0.05,3,3000,191,65,273,241,True,18.40160001302138,198,195.62727793466635
jps,512,512,0.05,3,3000,191,65,273,241,True,96.34749998804182,4214,305.0710678118655
astar,512,512,0.05,4,4000,508,56,505,252,True,12.084199988748878,881,198.8994949366117
theta_star,512,512,0.05,4,4000,508,56,505,252,True,22.465099988039583,382,196.5485868047378
jps,512,512,0.05,4,4000,508,56,505,252,True,48.136700002942234,2166,330.4142135623731
astar,512,512,0.05,5,5000,246,254,386,486,True,113.95219998667017,8674,289.9898987322338
theta_star,512,512,0.05,5,5000,246,254,386,486,True,33.363700029440224,692,276.9876541972569
jps,512,512,0.05,5,5000,246,254,386,486,True,148.8851999747567,6131,406.8284271247462
astar,512,512,0.05,6,6000,29,327,278,402,True,88.73229997698218,6812,280.06601717798213
theta_star,512,512,0.05,6,6000,29,327,278,402,True,21.48029999807477,294,263.00716080573466
jps,512,512,0.05,6,6000,29,327,278,402,False,681.0103000025265,37416,inf
astar,512,512,0.05,7,7000,190,451,202,25,True,31.511499953921884,3316,432.6274169979696
theta_star,512,512,0.05,7,7000,190,451,202,25,True,59.06689999392256,1501,427.77310948955346
jps,512,512,0.05,7,7000,190,451,202,25,True,70.85179997375235,4161,517.6568542494924
astar,512,512,0.05,8,8000,312,235,34,179,True,73.01329995971173,7821,301.19595949289334
theta_star,512,512,0.05,8,8000,312,235,34,179,True,23.380900034680963,359,289.3838869019427
jps,512,512,0.05,8,8000,312,235,34,179,True,95.83439998095855,5566,417.4142135623731
astar,512,512,0.05,9,9000,203,501,235,205,True,54.46080002002418,5722,309.25483399593924
theta_star,512,512,0.05,9,9000,203,501,235,205,True,44.48919999413192,910,303.71952374495015
jps,512,512,0.05,9,9000,203,501,235,205,True,92.35679998528212,5265,420.38477631085027
astar,512,512,0.15,0,0,197,98,347,368,True,91.63069998612627,10092,337.98989873223417
theta_star,512,512,0.15,0,0,197,98,347,368,True,19.897599995601922,967,323.8705926735583
jps,512,512,0.15,0,0,197,98,347,368,True,122.33580002794042,10900,488.0
astar,512,512,0.15,1,1000,356,230,79,21,True,130.06529997801408,14394,378.8010819142776
theta_star,512,512,0.15,1,1000,356,230,79,21,True,43.11879997840151,2393,355.87989401981037
jps,512,512,0.15,1,1000,356,230,79,21,True,252.82579998020083,22060,601.7989898732233
astar,512,512,0.15,2,2000,12,377,145,130,True,96.3186000008136,10582,307.9482681718913
theta_star,512,512,0.15,2,2000,12,377,145,130,True,11.809399991761893,557,289.21772711434056
jps,512,512,0.15,2,2000,12,377,145,130,False,733.0070000025444,62967,inf
astar,512,512,0.15,3,3000,191,65,273,241,True,44.71320001175627,3591,212.30865786510162
theta_star,512,512,0.15,3,3000,191,65,273,241,True,15.201000031083822,380,199.0563946726631
jps,512,512,0.15,3,3000,191,65,273,241,True,90.95199999865144,7861,381.4142135623731
astar,512,512,0.15,4,4000,508,56,505,252,True,12.397400045301765,1452,204.45584412271572
theta_star,512,512,0.15,4,4000,508,56,505,252,True,17.553300014697015,860,198.59046412564223
jps,512,512,0.15,4,4000,508,56,505,252,True,43.29359997063875,3919,343.0
astar,512,512,0.15,5,5000,183,492,246,254,True,17.525400035083294,1910,264.0954544295053
theta_star,512,512,0.15,5,5000,183,492,246,254,True,9.342299948912114,356,249.86639447436215
jps,512,512,0.15,5,5000,183,492,246,254,False,703.6663999897428,61141,inf
astar,512,512,0.15,6,6000,29,327,278,402,True,47.56719997385517,5024,281.2375900532362
theta_star,512,512,0.15,6,6000,29,327,278,402,True,10.031299956608564,405,268.11745778304805
jps,512,512,0.15,6,6000,29,327,278,402,True,98.0934999533929,8811,434.0
astar,512,512,0.15,7,7000,202,25,455,455,True,271.2216000072658,27700,544.7544007200523
theta_star,512,512,0.15,7,7000,202,25,455,455,True,65.30240003485233,3402,520.7911532769187
jps,512,512,0.15,7,7000,202,25,455,455,True,533.8921999791637,44608,918.4142135623731
astar,512,512,0.15,8,8000,312,235,34,179,True,29.89740000339225,3332,301.7817459305205
theta_star,512,512,0.15,8,8000,312,235,34,179,True,14.208699984010309,738,292.1707054706751
jps,512,512,0.15,8,8000,312,235,34,179,True,173.79780003102496,13759,525.4142135623731
astar,512,512,0.15,9,9000,3,444,0,206,True,25.641700020059943,2637,250.35533905932755
theta_star,512,512,0.15,9,9000,3,444,0,206,True,26.714099978562444,1426,241.99599673363318
jps,512,512,0.15,9,9000,3,444,0,206,True,85.46089997980744,6638,465.0
astar,512,512,0.25,0,0,197,98,347,368,True,174.7724000015296,20412,365.6639969244295
theta_star,512,512,0.25,0,0,197,98,347,368,True,27.250799990724772,1897,327.67994827727455
jps,512,512,0.25,0,0,197,98,347,368,False,1.9753999658860266,219,inf
astar,512,512,0.25,1,1000,79,21,201,357,True,197.62380002066493,23799,411.76450198781777
theta_star,512,512,0.25,1,1000,79,21,201,357,True,47.43780003627762,3235,377.8591647278487
jps,512,512,0.25,1,1000,79,21,201,357,False,8.092899981420487,893,inf
astar,512,512,0.25,2,2000,12,377,145,130,True,114.51040004612878,14122,329.86500705120596
theta_star,512,512,0.25,2,2000,12,377,145,130,True,19.45349999004975,1317,296.8950726548891
jps,512,512,0.25,2,2000,12,377,145,130,False,6.348000024445355,663,inf
astar,512,512,0.25,3,3000,191,65,273,241,True,47.07969998707995,5560,221.6812408671322
theta_star,512,512,0.25,3,3000,191,65,273,241,True,7.139000052120537,385,201.97214249234955
jps,512,512,0.25,3,3000,191,65,273,241,False,5.19749999511987,544,inf
astar,512,512,0.25,4,4000,508,56,505,252,True,34.35049997642636,4034,225.32590180780466
theta_star,512,512,0.25,4,4000,508,56,505,252,True,46.27469996921718,2896,209.3781964739938
jps,512,512,0.25,4,4000,508,56,505,252,False,3.868800005875528,416,inf
astar,512,512,0.25,5,5000,183,492,246,254,True,76.01210003485903,8830,279.0243866176398
theta_star,512,512,0.25,5,5000,183,492,246,254,True,15.666699968278408,998,258.78783583380647
jps,512,512,0.25,5,5000,183,492,246,254,False,2.002499997615814,206,inf
astar,512,512,0.25,6,6000,29,327,278,402,True,99.01740000350401,11356,302.994949366117
theta_star,512,512,0.25,6,6000,29,327,278,402,True,37.239500030409545,2617,279.5443883003048
jps,512,512,0.25,6,6000,29,327,278,402,False,5.847499996889383,580,inf
astar,512,512,0.25,7,7000,202,25,455,455,True,444.80119994841516,49710,582.7300141024124
theta_star,512,512,0.25,7,7000,202,25,455,455,True,139.14529996691272,8106,535.5881488498596
jps,512,512,0.25,7,7000,202,25,455,455,False,1.2303999974392354,78,inf
astar,512,512,0.25,8,8000,312,235,34,179,True,111.92259995732456,12920,321.43860018001305
theta_star,512,512,0.25,8,8000,312,235,34,179,True,83.8893000036478,6093,300.22850093784405
jps,512,512,0.25,8,8000,312,235,34,179,False,0.575500016566366,49,inf
astar,512,512,0.25,9,9000,506,442,508,160,True,52.28260002331808,6266,323.9238815542516
theta_star,512,512,0.25,9,9000,506,442,508,160,True,55.760800023563206,3951,304.8792716145999
jps,512,512,0.25,9,9000,506,442,508,160,False,33.02839997923002,3472,inf
astar,512,512,0.35,0,0,197,98,347,368,True,388.0970999598503,51203,510.10764773832545
theta_star,512,512,0.35,0,0,197,98,347,368,True,467.6096999901347,38902,445.74551362786076
jps,512,512,0.35,0,0,197,98,347,368,False,0.3108999808318913,34,inf
astar,512,512,0.35,1,1000,79,21,201,357,True,268.60609999857843,36802,492.00714267493726
theta_star,512,512,0.35,1,1000,79,21,201,357,True,267.4867999739945,23976,430.8624649545079
jps,512,512,0.35,1,1000,79,21,201,357,False,0.215300009585917,20,inf
astar,512,512,0.35,2,2000,12,377,145,130,True,121.14240002119914,16851,381.33809511662474
theta_star,512,512,0.35,2,2000,12,377,145,130,True,146.2832999532111,13121,339.5004042420635
jps,512,512,0.35,2,2000,12,377,145,130,False,0.46519999159500003,48,inf
astar,512,512,0.35,3,3000,191,65,273,241,True,65.71080000139773,8993,270.4680374315357
theta_star,512,512,0.35,3,3000,191,65,273,241,True,70.55279996711761,6283,240.0954368556641
jps,512,512,0.35,3,3000,191,65,273,241,False,1.2860999559052289,146,inf
astar,512,512,0.35,4,4000,508,56,505,252,True,59.721400029957294,8395,306.296464556282
theta_star,512,512,0.35,4,4000,508,56,505,252,True,57.21899995114654,5182,266.8224445125629
jps,512,512,0.35,4,4000,508,56,505,252,False,0.5500999977812171,56,inf
astar,512,512,0.35,5,5001,212,375,276,47,True,224.4905999978073,29746,467.1370849898483
theta_star,512,512,0.35,5,5001,212,375,276,47,True,232.2843999718316,20000,415.25203091316143
jps,512,512,0.35,5,5001,212,375,276,47,False,0.4735999973490834,42,inf
astar,512,512,0.35,6,6000,29,327,278,402,True,146.98289998341352,20027,375.92388155425164
theta_star,512,512,0.35,6,6000,29,327,278,402,True,171.64120002416894,13736,332.01903716132307
jps,512,512,0.35,6,6000,29,327,278,402,False,2.8937000315636396,330,inf
astar,512,512,0.35,7,7000,202,25,455,455,True,527.3333000368439,68200,686.4629867976531
theta_star,512,512,0.35,7,7000,202,25,455,455,True,539.0016000019386,45289,606.0649111544301
jps,512,512,0.35,7,7000,202,25,455,455,False,0.11850002920255065,10,inf
astar,512,512,0.35,8,8000,312,235,34,179,True,186.7221999564208,25387,399.82337649086344
theta_star,512,512,0.35,8,8000,312,235,34,179,True,237.16700001386926,20047,359.1951251422205
jps,512,512,0.35,8,8000,312,235,34,179,False,0.27929997304454446,25,inf
astar,512,512,0.35,9,9000,506,442,508,160,True,85.13490000041202,8968,381.58073580374406
theta_star,512,512,0.35,9,9000,506,442,508,160,True,80.21769998595119,6154,340.8000450716044
jps,512,512,0.35,9,9000,506,442,508,160,False,0.2662999904714525,26,inf
astar,1024,1024,0.05,0,0,394,197,694,736,True,529.8289000056684,52247,663.2640687119309
theta_star,1024,1024,0.05,0,0,394,197,694,736,True,46.468300046399236,892,626.962951415756
jps,1024,1024,0.05,0,0,394,197,694,736,True,557.3777999961749,30691,893.7279220613578
astar,1024,1024,0.05,1,1000,713,460,158,42,True,345.315299986396,35001,728.7270555095843
theta_star,1024,1024,0.05,1,1000,713,460,158,42,True,87.7679000259377,2207,711.4953434115346
jps,1024,1024,0.05,1,1000,713,460,158,42,True,718.5648999875411,39921,1013.8284271247462
astar,1024,1024,0.05,2,2000,24,754,291,260,True,446.5216000098735,42364,604.5950211536184
theta_star,1024,1024,0.05,2,2000,24,754,291,260,True,49.18889998225495,1029,578.0643468943217
jps,1024,1024,0.05,2,2000,24,754,291,260,True,442.66040000366047,25184,847.142135623731
astar,1024,1024,0.05,3,3000,383,130,546,482,True,230.9118999983184,22953,419.51681066681533
theta_star,1024,1024,0.05,3,3000,383,130,546,482,True,43.79799996968359,606,394.2217050216352
jps,1024,1024,0.05,3,3000,383,130,546,482,False,2722.6469999877736,149134,inf
astar,1024,1024,0.05,4,4000,1017,113,1011,504,True,30.95500002382323,3166,395.9705627484772
theta_star,1024,1024,0.05,4,4000,1017,113,1011,504,True,54.22500002896413,1042,392.20487818031586
jps,1024,1024,0.05,4,4000,1017,113,1011,504,True,90.80909995827824,5029,549.2426406871193
astar,1024,1024,0.05,5,5000,492,508,772,973,True,365.22699997294694,36740,580.9797974644688
theta_star,1024,1024,0.05,5,5000,492,508,772,973,True,58.066099998541176,1252,555.569244529861
jps,1024,1024,0.05,5,5000,492,508,772,973,True,484.7604000242427,27154,812.4142135623731
astar,1024,1024,0.05,6,6000,58,655,556,805,True,409.0275999624282,38080,560.9604614807113
theta_star,1024,1024,0.05,6,6000,58,655,556,805,True,36.709000007249415,677,526.7898915800837
jps,1024,1024,0.05,6,6000,58,655,556,805,True,423.9060000400059,24097,783.4142135623731
astar,1024,1024,0.05,7,7000,381,902,405,50,True,173.2954999897629,17323,866.0832611206855
theta_star,1024,1024,0.05,7,7000,381,902,405,50,True,213.44920003321022,5393,857.247257676162
jps,1024,1024,0.05,7,7000,381,902,405,50,True,604.4704999658279,33526,1123.0710678118655
astar,1024,1024,0.05,8,8000,946,757,625,470,True,128.53790004737675,11281,446.3229432149763
theta_star,1024,1024,0.05,8,8000,946,757,625,470,True,77.38290005363524,1840,435.1111947067906
jps,1024,1024,0.05,8,8000,946,757,625,470,True,314.7278999676928,16251,642.0
astar,1024,1024,0.05,9,9000,407,1003,470,410,True,221.2753999629058,22451,619.0954544295054
theta_star,1024,1024,0.05,9,9000,407,1003,470,410,True,86.76949999062344,1853,604.73018839683
jps,1024,1024,0.05,9,9000,407,1003,470,410,True,379.68960002763197,21348,841.6568542494924
astar,1024,1024,0.15,0,0,394,197,694,736,True,436.02290004491806,44226,673.2224381515884
theta_star,1024,1024,0.15,0,0,394,197,694,736,True,56.679800036363304,2821,639.2604871396906
jps,1024,1024,0.15,0,0,394,197,694,736,True,780.3461999865249,62819,1071.8284271247462
astar,1024,1024,0.15,1,1000,713,460,158,42,True,624.1645999834873,62297,758.6021638285561
theta_star,1024,1024,0.15,1,1000,713,460,158,42,True,144.65769997332245,7766,716.2004735041216
jps,1024,1024,0.15,1,1000,713,460,158,42,False,3111.6292999940924,248373,inf
astar,1024,1024,0.15,2,2000,24,754,291,260,True,373.04259999655187,38956,614.5533905932758
theta_star,1024,1024,0.15,2,2000,24,754,291,260,True,43.44849998597056,2237,580.2929617997727
jps,1024,1024,0.15,2,2000,24,754,291,260,False,3023.2018000097014,248171,inf
astar,1024,1024,0.15,3,3000,383,130,546,482,True,175.32740003662184,18873,426.5462479183383
theta_star,1024,1024,0.15,3,3000,383,130,546,482,True,24.950599996373057,1199,402.0040435153107
jps,1024,1024,0.15,3,3000,383,130,546,482,True,403.0231999931857,32405,700.4142135623731
astar,1024,1024,0.15,4,4000,1017,113,1011,504,True,75.52739995298907,8191,412.296464556282
theta_star,1024,1024,0.15,4,4000,1017,113,1011,504,True,88.92249997006729,4378,398.6330488324423
jps,1024,1024,0.15,4,4000,1017,113,1011,504,True,328.4205000381917,28976,881.2426406871193
astar,1024,1024,0.15,5,5000,492,508,772,973,True,332.8195000067353,33546,592.10973977938
theta_star,1024,1024,0.15,5,5000,492,508,772,973,True,66.6878999909386,2959,562.6767857894944
jps,1024,1024,0.15,5,5000,492,508,772,973,True,520.8951000240631,42991,876.4142135623731
astar,1024,1024,0.15,6,6000,58,655,556,805,True,157.2351999930106,16796,564.8183258569804
theta_star,1024,1024,0.15,6,6000,58,655,556,805,True,27.16649998910725,1253,536.5084127291085
jps,1024,1024,0.15,6,6000,58,655,556,805,True,596.7513000359759,50740,940.0
astar,1024,1024,0.15,7,7000,381,902,405,50,True,558.1781000364572,53967,899.1787155501912
theta_star,1024,1024,0.15,7,7000,381,902,405,50,True,541.4921999908984,25651,871.1398699371418
jps,1024,1024,0.15,7,7000,381,902,405,50,True,1161.2120000063442,93595,1385.414213562373
astar,1024,1024,0.15,8,8000,946,757,625,470,True,231.01999994833022,23520,470.34018715767917
theta_star,1024,1024,0.15,8,8000,946,757,625,470,True,88.85590004501864,4700,438.4066467372472
jps,1024,1024,0.15,8,8000,946,757,625,470,True,308.02949995268136,25506,712.4852813742386
astar,1024,1024,0.15,9,9000,407,1003,470,410,True,263.8470000238158,27373,630.894444302729
theta_star,1024,1024,0.15,9,9000,407,1003,470,410,True,145.02300001913682,7620,611.2372051803392
jps,1024,1024,0.15,9,9000,407,1003,470,410,True,445.350399997551,37898,983.4142135623731
astar,1024,1024,0.25,0,0,394,197,694,736,True,714.038799982518,72711,715.7838379715752
theta_star,1024,1024,0.25,0,0,394,197,694,736,True,127.97630002023652,8641,653.5719428494497
jps,1024,1024,0.25,0,0,394,197,694,736,False,16.8588999658823,1794,inf
astar,1024,1024,0.25,1,1000,713,460,158,42,True,811.116700002458,89515,808.6366517139616
theta_star,1024,1024,0.25,1,1000,713,460,158,42,True,393.71110004140064,27386,731.8097922696383
jps,1024,1024,0.25,1,1000,713,460,158,42,False,124.81549999210984,12904,inf
astar,1024,1024,0.25,2,2000,24,754,372,509,True,303.10399999143556,35270,500.1025971044427
theta_star,1024,1024,0.25,2,2000,24,754,372,509,True,67.91470001917332,4731,445.6999943562686
jps,1024,1024,0.25,2,2000,24,754,372,509,False,16.69770001899451,1790,inf
astar,1024,1024,0.25,3,3000,383,130,546,482,True,295.87150004226714,34170,455.5340546095185
theta_star,1024,1024,0.25,3,3000,383,130,546,482,True,174.6559000457637,12209,420.06877055355574
jps,1024,1024,0.25,3,3000,383,130,546,482,False,8.985000022221357,981,inf
astar,1024,1024,0.25,4,4000,1019,10,540,632,True,930.1018999540247,104169,918.477272147528
theta_star,1024,1024,0.25,4,4000,1019,10,540,632,True,604.5744000002742,41887,832.298060545199
jps,1024,1024,0.25,4,4000,1019,10,540,632,False,3.253999981097877,300,inf
astar,1024,1024,0.25,5,5000,366,985,492,508,True,295.00980000011623,34173,560.0193359837572
theta_star,1024,1024,0.25,5,5000,366,985,492,508,True,142.82680000178516,9778,522.5914823558411
jps,1024,1024,0.25,5,5000,366,985,492,508,False,321.851400018204,32503,inf
astar,1024,1024,0.25,6,6000,58,655,556,805,True,365.96269998699427,41544,593.0609665441
theta_star,1024,1024,0.25,6,6000,58,655,556,805,True,51.95530003402382,3405,550.15517930061
jps,1024,1024,0.25,6,6000,58,655,556,805,False,5.711200006771833,597,inf
astar,1024,1024,0.25,7,7000,381,902,405,50,True,998.9894999889657,109768,967.2031021678312
theta_star,1024,1024,0.25,7,7000,381,902,405,50,True,1005.7988000335172,67926,907.7618568242835
jps,1024,1024,0.25,7,7000,381,902,405,50,False,37.10969997337088,3331,inf
astar,1024,1024,0.25,8,8000,946,757,625,470,True,302.3070999770425,34936,506.9015869776661
theta_star,1024,1024,0.25,8,8000,946,757,625,470,True,198.08719999855384,14450,459.06293568463224
jps,1024,1024,0.25,8,8000,946,757,625,470,False,35.62029998283833,3729,inf
astar,1024,1024,0.25,9,9000,470,410,0,412,True,237.4891000217758,28056,526.3086578651021
theta_star,1024,1024,0.25,9,9000,470,410,0,412,True,237.08490002900362,16878,495.96027145127493
jps,1024,1024,0.25,9,9000,470,410,0,412,False,0.49840001156553626,49,inf
astar,1024,1024,0.35,0,1,276,998,953,752,True,855.3113000234589,104817,958.0437226013976
theta_star,1024,1024,0.35,0,1,276,998,953,752,True,809.216000023298,63533,846.9038008216705
jps,1024,1024,0.35,0,1,276,998,953,752,False,0.4037999897263944,37,inf
astar,1024,1024,0.35,1,1002,315,697,48,512,True,161.9403999648057,21755,436.45079348883314
theta_star,1024,1024,0.35,1,1002,315,697,48,512,True,147.49949995893985,12966,384.90317765315956
jps,1024,1024,0.35,1,1002,315,697,48,512,False,0.44679996790364385,46,inf
astar,1024,1024,0.35,2,2000,372,509,47,611,True,248.63300001015887,32365,471.2081528017137
theta_star,1024,1024,0.35,2,2000,372,509,47,611,True,204.23660002416,17644,409.7665133163302
jps,1024,1024,0.35,2,2000,372,509,47,611,False,0.16029999824240804,14,inf
astar,1024,1024,0.35,3,3000,383,130,546,482,True,321.5263999882154,42144,533.6934341759523
theta_star,1024,1024,0.35,3,3000,383,130,546,482,True,365.61899998923764,31156,480.5984892446126
jps,1024,1024,0.35,3,3000,383,130,546,482,False,0.7865999941714108,82,inf
astar,1024,1024,0.35,4,4001,849,17,886,536,True,537.0282999938354,64957,711.9482681718919
theta_star,1024,1024,0.35,4,4001,849,17,886,536,True,539.8805000004359,46055,631.7669659960997
jps,1024,1024,0.35,4,4001,849,17,886,536,False,0.5446000141091645,59,inf
astar,1024,1024,0.35,5,5000,492,508,772,973,True,858.2924000220373,106956,783.4751801064732
theta_star,1024,1024,0.35,5,5000,492,508,772,973,True,999.0834000054747,80753,695.4169374716845
jps,1024,1024,0.35,5,5000,492,508,772,973,False,2.0474999910220504,237,inf
astar,1024,1024,0.35,6,6000,58,655,556,805,True,463.56820000801235,59943,716.6761902332498
theta_star,1024,1024,0.35,6,6000,58,655,556,805,True,355.9767000260763,29921,636.2444301571704
jps,1024,1024,0.35,6,6000,58,655,556,805,False,1.6479999758303165,185,inf
astar,1024,1024,0.35,7,7000,381,902,405,50,True,1551.975800015498,179811,1142.3574311003824
theta_star,1024,1024,0.35,7,7000,381,902,405,50,True,1454.7916000010446,119059,1022.1137716510714
jps,1024,1024,0.35,7,7000,381,902,405,50,False,1.0046999668702483,112,inf
astar,1024,1024,0.35,8,8000,946,757,625,470,True,296.9204999972135,38832,570.3919189857877
theta_star,1024,1024,0.35,8,8000,946,757,625,470,True,235.5350999860093,20617,497.9141091651273
jps,1024,1024,0.35,8,8000,946,757,625,470,False,0.2232000115327537,20,inf
astar,1024,1024,0.35,9,9000,470,410,0,412,True,459.42540001124144,59741,638.5929291125642
theta_star,1024,1024,0.35,9,9000,470,410,0,412,True,475.2089999965392,37852,571.0611006603372
jps,1024,1024,0.35,9,9000,470,410,0,412,False,0.45519997365772724,46,inf
